Actual,RNN_Prediction,LSTM_Prediction,RNN_Residual,LSTM_Residual
29918.412109375004,29297.67,28867.682,620.7421875000036,1050.7304687500036
29993.896484375004,29904.352,29228.535,89.54492187500364,765.3613281250036
33086.234375,30085.055,29532.348,3001.1796875,3553.88671875
33901.52734375,31692.291,30267.906,2209.236328125,3633.62109375
34502.8203125,33533.31,31211.791,969.51171875,3291.029296875
34156.6484375,34482.953,32169.248,-326.3046875,1987.400390625
33909.80078125,34468.816,32848.332,-559.015625,1061.46875
34089.57421875,34202.14,33190.594,-112.56640625,898.98046875
34538.48046875,34426.68,33320.0,111.80078125,1218.48046875
34502.36328125,34441.438,33407.42,60.92578125,1094.94140625
34667.78125,34649.445,33458.594,18.3359375,1209.1875
35437.25390625,34976.734,33509.8,460.51953125,1927.453125
34938.2421875,35526.234,33684.03,-587.9921875,1254.2109375
34732.32421875,35368.96,33798.53,-636.63671875,933.79296875
35082.1953125,35025.555,33817.945,56.640625,1264.25
35049.35546875,35221.305,33843.723,-171.94921875,1205.6328125
35037.37109375,35294.324,33863.957,-256.953125,1173.4140625
35443.5625,35392.086,33875.508,51.4765625,1568.0546875
35655.27734375,35508.0,33950.22,147.27734375,1705.05859375
36693.125,35832.67,34078.383,860.453125,2614.7421875
37313.96875,36510.71,34384.65,803.2578125,2929.3203125
37138.05078125,37186.707,34836.406,-48.65625,2301.64453125
37054.51953125,37417.93,35223.277,-363.41015625,1831.2421875
36502.35546875,37414.254,35470.65,-911.8984375,1031.70703125
35537.640625,37042.863,35491.953,-1505.22265625,45.6875
37880.58203125,36144.434,35224.285,1736.1484375,2656.296875
36154.76953125,36882.94,35291.816,-728.171875,862.953125
36596.68359375,37011.098,35224.527,-414.4140625,1372.15625
36585.703125,36777.246,35171.293,-191.54296875,1414.41015625
37386.546875,36930.004,35135.117,456.54296875,2251.4296875
37476.95703125,37106.85,35252.566,370.10546875,2224.390625
35813.8125,37723.93,35448.14,-1910.1171875,365.671875
37432.33984375,36485.746,35335.965,946.59375,2096.375
37289.62109375,36966.81,35374.164,322.8125,1915.45703125
37720.28125,37664.973,35463.79,55.30859375,2256.4921875
37796.79296875,37898.676,35638.37,-101.8828125,2158.421875
37479.12109375,38012.83,35829.617,-533.70703125,1649.50390625
37254.16796875,37641.89,35926.938,-387.72265625,1327.23046875
37831.0859375,37910.516,35914.855,-79.4296875,1916.23046875
37858.4921875,37767.227,35953.297,91.265625,1905.1953125
37712.74609375,37859.816,36018.414,-147.0703125,1694.33203125
38688.75,37872.29,36057.332,816.4609375,2631.41796875
39476.33203125,38585.145,36247.598,891.1875,3228.734375
39978.390625,39111.473,36617.266,866.91796875,3361.125
41980.09765625,39816.727,37088.906,2163.37109375,4891.19140625
44080.6484375,41162.85,37867.723,2917.796875,6212.92578125
43746.4453125,42857.965,39015.633,888.48046875,4730.8125
43292.6640625,43870.023,40031.86,-577.359375,3260.8046875
44166.6015625,43574.754,40660.586,591.84765625,3506.015625
43725.984375,43724.426,41120.89,1.55859375,2605.09375
43779.69921875,43887.387,41318.87,-107.6875,2460.828125
41243.83203125,43680.18,41356.055,-2436.34765625,-112.22265625
41450.22265625,42512.297,40849.2,-1062.07421875,601.0234375
42890.7421875,41521.184,40214.71,1369.55859375,2676.03125
43023.97265625,42667.508,39927.71,356.46484375,3096.26171875
41929.7578125,42780.93,39915.17,-851.171875,2014.5859375
42240.1171875,42280.258,39841.457,-40.140625,2398.66015625
41364.6640625,42200.914,39796.434,-836.25,1568.23046875
42623.5390625,42053.97,39614.504,569.5703125,3009.03515625
42270.52734375,42471.43,39627.7,-200.90234375,2642.828125
43652.25,42178.41,39678.98,1473.83984375,3973.26953125
43869.15234375,42921.516,39986.16,947.63671875,3882.9921875
43997.90234375,43722.1,40397.164,275.80078125,3600.73828125
43739.54296875,43951.73,40789.47,-212.1875,2950.07421875
43016.1171875,43732.547,41034.77,-716.4296875,1981.34765625
43613.140625,43167.504,41017.86,445.63671875,2595.28125
42520.40234375,43150.566,40981.188,-630.1640625,1539.21484375
43442.85546875,42768.246,40752.01,674.609375,2690.84375
42627.85546875,42956.03,40643.94,-328.17578125,1983.9140625
42099.40234375,42980.17,40479.59,-880.76953125,1619.8125
42156.90234375,42271.945,40224.22,-115.04296875,1932.68359375
42265.1875,41835.848,39987.53,429.33984375,2277.65625
44167.33203125,41893.402,39833.727,2273.9296875,4333.60546875
44957.96875,43352.008,40101.598,1605.9609375,4856.37109375
42848.17578125,44255.004,40672.703,-1406.828125,2175.47265625
44179.921875,43717.645,40881.81,462.27734375,3298.11328125
44162.69140625,43468.69,41087.516,694.0,3075.17578125
43989.1953125,43999.848,41249.324,-10.65234375,2739.87109375
43943.09765625,43921.4,41325.152,21.69921875,2617.9453125
46970.50390625,43719.027,41333.84,3251.4765625,5636.6640625
46139.73046875,45163.566,41861.504,976.1640625,4278.2265625
46627.77734375,46289.53,42395.64,338.24609375,4232.13671875
46368.5859375,46249.84,42893.88,118.74609375,3474.70703125
42853.16796875,45847.46,43211.684,-2994.29296875,-358.515625
42842.3828125,43962.637,42721.426,-1120.25390625,120.95703125
41796.26953125,42986.742,41923.08,-1190.47265625,-126.80859375
42511.96875,41944.05,40971.47,567.91796875,1540.5
43154.9453125,42119.707,40297.54,1035.23828125,2857.40625
42742.65234375,42831.76,40030.05,-89.109375,2712.6015625
41262.05859375,42571.246,39957.73,-1309.1875,1304.328125
41618.40625,41792.83,39717.918,-174.421875,1900.48828125
41665.5859375,41254.49,39497.293,411.09765625,2168.29296875
41545.78515625,41777.64,39344.473,-231.85546875,2201.3125
39507.3671875,41368.76,39239.684,-1861.39453125,267.68359375
39845.55078125,40395.66,38813.676,-550.109375,1031.875
40077.07421875,39770.81,38373.36,306.265625,1703.71484375
39933.80859375,40008.758,38071.89,-74.94921875,1861.91796875
41816.87109375,39858.098,37884.145,1958.7734375,3932.7265625
42120.0546875,40765.793,38134.176,1354.26171875,3985.87890625
42035.59375,41631.438,38608.613,404.15625,3426.98046875
43288.24609375,42154.85,39069.504,1133.39453125,4218.7421875
42952.609375,42787.82,39640.465,164.7890625,3312.14453125
42582.60546875,42617.7,40082.273,-35.09375,2500.33203125
43075.7734375,42331.703,40291.504,744.0703125,2784.26953125
43185.859375,42551.035,40427.11,634.82421875,2758.75
42992.25,42688.77,40522.785,303.48046875,2469.46484375
42583.58203125,43151.33,40546.54,-567.74609375,2037.04296875
42658.66796875,42620.3,40455.652,38.3671875,2203.015625
43084.671875,42125.89,40340.547,958.78125,2744.125
44318.22265625,42369.824,40318.305,1948.3984375,3999.91796875
45301.56640625,43320.66,40574.652,1980.90625,4726.9140625
47147.19921875,44553.406,41097.203,2593.79296875,6049.99609375
47771.27734375,45916.965,41974.17,1854.3125,5797.10546875
48293.91796875,47137.156,42950.395,1156.76171875,5343.5234375
49958.22265625,47439.26,43850.074,2518.9609375,6108.1484375
49742.44140625,48563.945,44818.746,1178.49609375,4923.6953125
51826.6953125,48912.098,45572.133,2914.59765625,6254.5625
51938.5546875,50239.86,46434.82,1698.6953125,5503.734375
52160.203125,50796.137,47192.473,1364.06640625,4967.73046875
51662.99609375,51239.316,47769.54,423.6796875,3893.45703125
52122.546875,51083.996,48033.45,1038.55078125,4089.09765625
51779.14453125,50749.805,48165.89,1029.33984375,3613.25390625
52284.875,50822.777,48144.55,1462.09765625,4140.32421875
51839.1796875,50813.09,48147.438,1026.08984375,3691.7421875
51304.97265625,51008.668,48082.83,296.3046875,3222.14453125
50731.94921875,50652.145,47896.566,79.8046875,2835.3828125
51571.1015625,50029.137,47580.695,1541.96484375,3990.40625
51733.23828125,50125.15,47425.598,1608.08984375,4307.640625
54522.40234374999,50492.082,47422.15,4030.3203124999927,7100.253906249993
57085.37109375001,52245.184,48017.49,4840.187500000007,9067.882812500007
62504.7890625,54702.914,49272.637,7801.875,13232.15234375
61198.3828125,58489.86,51609.96,2708.5234375,9588.421875
62440.6328125,59679.84,53732.297,2760.79296875,8708.3359375
62029.84765625,59572.84,55476.438,2457.0078125,6553.41015625
63167.37109375,59703.37,56548.96,3464.0,6618.41015625
68330.4140625,60007.406,57259.785,8323.0078125,11070.62890625
63801.19921875,63187.312,58641.44,613.88671875,5159.7578125
66106.8046875,62293.62,59201.13,3813.18359375,6905.67578125
66925.484375,62269.715,59641.67,4655.76953125,7283.8125
68300.09375,62995.54,60088.57,5304.5546875,8211.5234375
68498.8828125,63751.336,60711.062,4747.546875,7787.8203125
69019.7890625,64483.605,61322.33,4536.18359375,7697.4609375
72123.90625,64151.79,61884.324,7972.1171875,10239.58203125
71481.2890625,66862.555,62896.535,4618.734375,8584.75390625
73083.5,67492.516,63786.258,5590.984375,9297.2421875
71396.59375,67676.41,64714.45,3720.1875,6682.14453125
69403.7734375,66878.195,65115.24,2525.578125,4288.53515625
65315.1171875,65616.14,64755.945,-301.0234375,559.171875
68390.625,63284.83,63292.13,5105.796875,5098.49609375
67548.59375,63065.137,62210.0,4483.45703125,5338.59375
61912.77343750001,64061.992,61434.6,-2149.2187499999927,478.1718750000073
67913.671875,61098.703,59900.625,6814.96875,8013.046875
65491.39062499999,61902.195,59473.94,3589.1953124999927,6017.449218749993
63778.76171875001,62645.64,59258.727,1133.1210937500073,4520.035156250007
64062.203125,61971.598,58852.29,2090.60546875,5209.9140625
67234.171875,61225.75,58479.53,6008.421875,8754.640625
69958.8125,61687.52,58823.22,8271.29296875,11135.59375
69987.8359375,65962.52,59995.81,4025.3125,9992.02734375
69455.34375,66026.234,61331.312,3429.109375,8124.03125
70744.953125,65474.785,62324.23,5270.16796875,8420.72265625
69892.828125,66026.945,63155.94,3865.8828125,6736.88671875
69645.3046875,66161.42,63553.887,3483.8828125,6091.41796875
71333.6484375,65610.33,63595.37,5723.3203125,7738.27734375
69702.1484375,65646.55,63785.51,4055.6015625,5916.63671875
65446.97265625,66479.664,63700.71,-1032.69140625,1746.26171875
65980.8125,63587.215,62659.375,2393.59765625,3321.4375
68508.84375,61735.727,61467.332,6773.1171875,7041.51171875
67837.640625,62931.69,60978.812,4905.94921875,6858.828125
68896.109375,64592.375,60845.867,4303.734375,8050.2421875
69362.5546875,64660.668,61121.254,4701.88671875,8241.30078125
71631.359375,64820.516,61622.957,6810.84375,10008.40234375
69139.015625,66977.16,62559.324,2161.859375,6579.69140625
70587.8828125,65910.195,63012.766,4677.6875,7575.1171875
70060.609375,65204.85,63385.637,4855.7578125,6674.97265625
67195.8671875,65465.348,63535.316,1730.51953125,3660.55078125
63821.47265625001,64872.94,62980.516,-1051.4687499999927,840.9570312500073
65738.7265625,62176.316,61536.14,3562.41015625,4202.5859375
63426.21093750001,60737.645,60349.32,2688.5664062500073,3076.8906250000073
63811.86328125001,61043.406,59140.78,2768.4570312500073,4671.082031250007
61276.69140625,60403.992,58271.98,872.69921875,3004.7109375
63512.75390624999,59047.754,57284.92,4464.999999999993,6227.832031249993
63843.57031249999,59479.727,56880.434,4363.843749999993,6963.136718749993
64994.44140625,61440.47,56932.47,3553.97265625,8061.97265625
64926.64453125001,61470.19,57421.434,3456.4531250000073,7505.210937500007
66837.6796875,61340.785,58002.02,5496.89453125,8835.66015625
66407.2734375,62860.81,58857.594,3546.46484375,7549.6796875
64276.8984375,63592.016,59576.64,684.8828125,4700.2578125
64481.70703124999,62092.848,59644.023,2388.8593749999927,4837.683593749993
63755.3203125,60930.727,59399.61,2824.59375,4355.7109375
63419.14062499999,60961.473,58924.1,2457.6679687499927,4495.039062499993
63113.23046874999,60527.12,58384.89,2586.1093749999927,4728.339843749993
63841.12109375,60047.54,57884.16,3793.58203125,5956.9609375
60636.85546875001,60351.418,57659.85,285.4375000000073,2977.0039062500073
58254.01171875001,59320.23,57011.242,-1066.2187499999927,1242.7695312500073
59123.43359374999,56689.566,55823.957,2433.8671874999927,3299.4765624999927
62889.8359375,55947.59,54796.344,6942.24609375,8093.4921875
63891.47265625,58495.42,54816.875,5396.05078125,9074.59765625
64031.13281250001,60797.38,55575.027,3233.7539062500073,8456.105468750007
63161.94921875001,60748.42,56553.27,2413.5273437500073,6608.679687500007
62334.81640625001,60556.35,57233.723,1778.4648437500073,5101.093750000007
61187.94140625,60016.918,57433.656,1171.0234375,3754.28515625
63049.96093750001,58948.047,57122.434,4101.914062500007,5927.527343750007
60792.77734374999,58493.457,56988.934,2299.3203124999927,3803.8437499999927
60793.7109375,58831.152,56561.844,1962.55859375,4231.8671875
61448.39453125,58476.668,56080.895,2971.7265625,5367.5
62901.44921875,58716.867,55810.65,4184.58203125,7090.80078125
61552.7890625,59011.59,55992.297,2541.19921875,5560.4921875
66267.4921875,59135.008,56105.17,7132.484375,10162.3203125
65231.58203124999,60637.72,57052.21,4593.863281249993,8179.371093749993
67051.875,62177.86,58020.254,4874.015625,9031.62109375
66940.8046875,63409.402,59116.82,3531.40234375,7823.984375
66278.3671875,63590.07,60004.992,2688.296875,6273.375
71448.1953125,62443.492,60451.8,9004.703125,10996.39453125
70136.53125,64941.63,61580.035,5194.90234375,8556.49609375
69122.3359375,66143.85,62564.87,2978.484375,6557.46484375
67929.5625,65532.855,63043.31,2396.70703125,4886.25390625
68526.1015625,64424.215,62912.2,4101.88671875,5613.90234375
69265.9453125,63690.01,62619.707,5575.93359375,6646.23828125
68518.09375,64601.742,62469.836,3916.3515625,6048.2578125
69394.5546875,63696.74,62289.676,5697.81640625,7104.87890625
68296.21875,64567.207,62303.277,3729.01171875,5992.94140625
67578.09375,64731.547,62196.598,2846.546875,5381.49609375
68364.9921875,64048.184,61905.055,4316.80859375,6459.9375
67491.4140625,63546.72,61736.203,3944.6953125,5755.2109375
67706.9375,63378.402,61502.438,4328.53515625,6204.5
67751.6015625,63640.12,61328.94,4111.48046875,6422.66015625
68804.78125,63696.586,61235.09,5108.1953125,7569.69140625
70567.765625,64228.348,61408.402,6339.41796875,9159.36328125
71082.8203125,65671.734,62024.168,5411.0859375,9058.65234375
70757.1640625,66221.6,62826.223,4535.5625,7930.94140625
69342.5859375,66109.25,63468.44,3233.3359375,5874.14453125
69305.7734375,65097.152,63595.99,4208.62109375,5709.78515625
69647.9921875,65090.95,63421.246,4557.04296875,6226.74609375
69512.28125,64725.22,63208.434,4787.0625,6303.84765625
67332.03125,64987.035,63009.113,2344.99609375,4322.91796875
68241.1875,63899.527,62439.734,4341.66015625,5801.453125
66756.3984375,63730.766,61985.043,3025.6328125,4771.35546875
66011.09375,63382.207,61409.387,2628.88671875,4601.70703125
66191.0,62394.742,60756.418,3796.2578125,5434.58203125
66639.046875,62400.53,60247.445,4238.515625,6391.6015625
66490.296875,62397.39,60017.46,4092.90625,6472.8359375
65140.74609375,63127.797,59953.426,2012.94921875,5187.3203125
64960.29687500001,62056.684,59721.41,2903.6132812500073,5238.886718750007
64828.65625000001,61426.902,59413.82,3401.7539062500073,5414.835937500007
64096.19921875,61416.523,59113.348,2679.67578125,4982.8515625
64252.57812500001,61040.98,58746.76,3211.5976562500073,5505.816406250007
63180.796875,60937.066,58460.98,2243.73046875,4719.81640625
60277.41406250001,60476.023,58077.164,-198.60937499999272,2200.2500000000073
61804.64062499999,58810.367,57169.2,2994.2734374999927,4635.441406249993
60811.27734375,58327.746,56489.56,2483.53125,4321.71875
61604.80078125001,58134.293,55903.25,3470.5078125000073,5701.550781250007
60320.13671875001,58617.336,55650.082,1702.8007812500073,4670.054687500007
60887.37890624999,58440.477,55378.17,2446.9023437499927,5509.207031249993
62678.29296875001,58148.164,55258.04,4530.128906250007,7420.253906250007
62851.98046875,59215.44,55585.203,3636.5390625,7266.77734375
62029.01562500001,59826.22,56103.633,2202.7968750000073,5925.382812500007
60173.921875,59402.496,56437.758,771.42578125,3736.1640625
56977.703125,58255.14,56237.066,-1277.4375,740.63671875
56662.37499999999,56161.02,55194.137,501.3554687499927,1468.2382812499927
58303.5390625,54839.99,53903.316,3463.55078125,4400.22265625
55849.10937500001,55308.742,53109.895,540.3671875000073,2739.2148437500073
56705.09765624999,54731.008,52301.01,1974.0898437499927,4404.085937499993
58009.2265625,54768.008,51818.86,3241.21875,6190.3671875
57742.49609375001,55320.27,51856.55,2422.2265625000073,5885.945312500007
57344.9140625,55952.977,52097.73,1391.9375,5247.18359375
57899.46484375,55630.945,52301.105,2268.51953125,5598.359375
59231.953125,55257.844,52535.656,3974.109375,6696.296875
60787.79296875,56469.125,52987.562,4318.66796875,7800.23046875
64870.15234375,58065.45,53750.887,6804.703125,11119.265625
65097.1484375,60410.01,55287.055,4687.13671875,9810.09375
64118.79296875,61778.516,56923.668,2340.27734375,7195.125
63974.06640625,61483.06,58038.28,2491.0078125,5935.78515625
66710.15625,60840.418,58592.375,5869.73828125,8117.78125
67163.6484375,61880.094,59269.41,5283.5546875,7894.23828125
68154.5234375,63145.707,59963.98,5008.81640625,8190.54296875
67585.25,63878.203,60707.656,3707.046875,6877.59375
65927.671875,63656.93,61196.152,2270.7421875,4731.51953125
65372.1328125,62817.043,61114.23,2555.08984375,4257.90234375
65777.2265625,61952.22,60648.34,3825.0078125,5128.88671875
67912.0625,61510.387,60178.72,6401.67578125,7733.34375
67813.3359375,62680.848,60239.41,5132.48828125,7573.92578125
68255.8671875,64032.293,60545.664,4223.57421875,7710.203125
66819.9140625,64292.797,60984.17,2527.1171875,5835.7421875
66201.015625,63625.12,61100.105,2575.89453125,5100.91015625
64619.24999999999,62492.734,60893.926,2126.5156249999927,3725.3242187499927
65357.5,61355.49,60263.97,4002.01171875,5093.53125
61415.06640624999,61185.27,59709.406,229.79687499999272,1705.6601562499927
60680.09375,59968.992,58568.88,711.1015625,2111.21484375
58116.9765625,58624.848,57244.16,-507.87109375,872.81640625
53991.45703125,56540.344,55650.766,-2548.88671875,-1659.30859375
56034.31640625,53203.305,53528.46,2831.01171875,2505.85546875
55027.46093749999,52795.785,51966.953,2231.6757812499927,3060.5078124999927
61710.13671874999,53164.996,50865.97,8545.140624999993,10844.167968749993
60880.11328125,57018.49,51489.438,3861.625,9390.67578125
60945.81250000001,59085.95,52749.21,1859.8632812500073,8196.601562500007
58719.484375,58478.895,54010.426,240.58984375,4709.05859375
59354.515625,57359.566,54536.133,1994.94921875,4818.3828125
60609.56640624999,56302.324,54676.594,4307.242187499993,5932.972656249993
58737.26953125,57600.184,54844.973,1137.0859375,3892.296875
57560.09765625,57051.11,54652.37,508.98828125,2907.7265625
58894.10546875001,56174.34,54097.523,2719.7656250000073,4796.582031250007
59478.97265625,56427.457,53741.96,3051.515625,5737.01171875
58483.96484375,56947.26,53692.12,1536.703125,4791.84375
59493.45312500001,56349.773,53621.637,3143.6796875000073,5871.816406250007
59012.79296875,56067.68,53739.234,2945.11328125,5273.55859375
61175.19140625,56862.63,53833.125,4312.5625,7342.06640625
60381.9140625,58274.9,54301.562,2107.015625,6080.3515625
64094.35546875,58521.88,54708.363,5572.4765625,9385.9921875
64178.9921875,59467.66,55696.188,4711.33203125,8482.8046875
64333.54296875001,60833.957,56782.793,3499.5859375000073,7550.750000000007
62880.66015625,61217.246,57695.414,1663.4140625,5185.24609375
59504.1328125,60507.3,58024.41,-1003.16796875,1479.72265625
59027.62499999999,58541.883,57326.656,485.7421874999927,1700.9687499999927
59388.1796875,56858.086,56176.273,2530.09375,3211.90625
59119.47656250001,56342.293,55146.508,2777.1835937500073,3972.9687500000073
58969.8984375,56347.92,54378.434,2621.9765625,4591.46484375
57325.48828125,56764.07,53891.277,561.41796875,3434.2109375
59112.48046875,56225.52,53337.28,2886.9609375,5775.19921875
57431.0234375,56205.996,53200.992,1225.02734375,4230.03125
57971.5390625,55957.9,52989.89,2013.640625,4981.6484375
56160.48828124999,55392.598,52880.242,767.8906249999927,3280.2460937499927
53948.75390625,54957.746,52502.453,-1008.9921875,1446.30078125
54139.68749999999,53276.805,51649.387,862.8828124999927,2490.3007812499927
54841.56640625,52899.63,50782.332,1941.9375,4059.234375
57019.53515625,52836.742,50247.76,4182.79296875,6771.7734375
57648.7109375,54433.566,50422.348,3215.14453125,7226.36328125
57343.171875,55532.773,51042.18,1810.3984375,6300.9921875
58127.01171875,55742.066,51680.414,2384.9453125,6446.59765625
60571.30078125001,55992.188,52318.215,4579.113281250007,8253.085937500007
60005.12109375,57027.21,53275.0,2977.91015625,6730.12109375
59182.8359375,57759.113,54079.195,1423.72265625,5103.640625
58192.50781250001,56917.516,54461.78,1274.9921875000073,3730.7265625000073
60308.5390625,56553.785,54351.625,3754.75390625,5956.9140625
61649.6796875,57209.773,54424.62,4439.90625,7225.05859375
62940.45703125,58664.816,54849.26,4275.640625,8091.1953125
63192.97656250001,59333.92,55611.582,3859.0546875000073,7581.394531250007
63394.83984375,59969.914,56419.023,3424.92578125,6975.81640625
63648.7109375,60441.668,57095.5,3207.04296875,6553.2109375
63329.80078125,60536.477,57594.707,2793.32421875,5735.09375
64301.96875000001,60091.703,57828.812,4210.265625000007,6473.156250000007
63143.14453125001,60503.17,58064.46,2639.9726562500073,5078.683593750007
65181.01953125,60345.88,58031.164,4835.140625,7149.85546875
65790.6640625,61279.92,58260.94,4510.7421875,7529.72265625
65887.6484375,61888.59,58699.207,3999.05859375,7188.44140625
65635.3046875,62393.508,59161.82,3241.796875,6473.484375
63329.5,62056.816,59475.92,1272.68359375,3853.578125
60837.00781250001,60721.355,59190.367,115.65234375000728,1646.6406250000073
60632.78515625,59060.754,58177.773,1572.03125,2455.01171875
60759.40234375,58077.715,56991.12,2681.6875,3768.28125
62067.47656250001,58007.37,56026.312,4060.1054687500073,6041.164062500007
62089.94921875,58712.883,55654.81,3377.06640625,6435.140625
62818.953125,59303.492,55676.633,3515.4609375,7142.3203125
62236.66015625,59750.48,56022.53,2486.1796875,6214.12890625
62131.96875,59827.652,56332.543,2304.31640625,5799.42578125
60582.1015625,59168.375,56522.406,1413.7265625,4059.6953125
60274.49999999999,58375.074,56307.316,1899.4257812499927,3967.1835937499927
62445.08984375,57665.297,55875.035,4779.79296875,6570.0546875
63193.0234375,59187.195,55854.977,4005.828125,7338.046875
62851.37499999999,60250.42,56208.387,2600.9531249999927,6642.988281249993
66046.125,60357.543,56606.312,5688.58203125,9439.8125
67041.109375,61391.254,57543.023,5649.85546875,9498.0859375
67612.71875,63062.152,58739.387,4550.56640625,8873.33203125
67399.8359375,64004.387,59901.633,3395.44921875,7498.203125
68418.7890625,63649.91,60732.707,4768.87890625,7686.08203125
68362.734375,63922.01,61400.09,4440.72265625,6962.64453125
69001.703125,64368.793,61827.684,4632.91015625,7174.01953125
67367.8515625,64588.895,62165.168,2778.95703125,5202.68359375
67361.40625,63790.37,62066.37,3571.03515625,5295.03515625
66432.1953125,63414.734,61764.875,3017.4609375,4667.3203125
68161.0546875,62981.418,61253.312,5179.63671875,6907.7421875
66642.4140625,63228.926,61091.285,3413.48828125,5551.12890625
67014.6953125,63091.875,60856.316,3922.8203125,6158.37890625
67929.296875,63041.7,60702.004,4887.59765625,7227.29296875
69907.7578125,63640.59,60799.273,6267.16796875,9108.484375
72720.4921875,64846.895,61388.55,7873.59765625,11331.94140625
72339.5390625,66965.89,62645.82,5373.6484375,9693.71875
70215.1875,67819.23,63880.406,2395.9609375,6334.78125
69482.46875,66491.0,64386.336,2991.46875,5096.1328125
69289.2734375,65328.605,64248.035,3960.66796875,5041.23828125
68741.1171875,64683.176,63783.285,4057.94140625,4957.83203125
67811.5078125,64506.746,63167.848,3304.76171875,4643.66015625
69359.5625,63877.945,62446.14,5481.6171875,6913.421875
75639.078125,64644.137,62141.63,10994.94140625,13497.44921875
75904.859375,68338.94,63356.04,7565.921875,12548.8203125
76545.4765625,70478.664,65133.344,6066.8125,11412.1328125
76778.8671875,70369.14,66892.37,6409.7265625,9886.5
80474.1875,70298.23,68260.05,10175.9609375,12214.140625
88701.484375,72353.13,69840.43,16348.3515625,18861.0546875
87955.8125,77545.125,72830.086,10410.6875,15125.7265625
90584.1640625,79166.87,75720.62,11417.296875,14863.546875
87250.4296875,79981.32,78398.08,7269.109375,8852.3515625
91066.0078125,78813.11,79646.89,12252.8984375,11419.1171875
90558.4765625,79212.266,80642.555,11346.2109375,9915.921875
89845.8515625,79674.4,81190.914,10171.453125,8654.9375
90542.640625,78818.25,81246.06,11724.390625,9296.578125
92343.7890625,79266.375,81181.71,13077.4140625,11162.078125
94339.4921875,80414.586,81442.95,13924.90625,12896.5390625
98504.7265625,81863.24,82217.56,16641.484375,16287.1640625
98997.6640625,83640.77,83920.22,15356.890625,15077.4453125
97777.28125,84616.25,85784.984,13161.03125,11992.296875
98013.8203125,84551.8,87014.62,13462.0234375,10999.203125
93102.296875,84161.945,87663.516,8940.3515625,5438.78125
91985.3203125,81946.555,86875.18,10038.765625,5110.140625
95962.53125,79800.12,85353.484,16162.4140625,10609.046875
95652.46875,81228.164,84612.26,14424.3046875,11040.2109375
97461.5234375,82704.875,84389.555,14756.6484375,13071.96875
96449.0546875,84142.85,84840.734,12306.203125,11608.3203125
97279.7890625,83757.336,85322.42,13522.453125,11957.3671875
95865.3046875,83394.29,85855.03,12471.015625,10010.2734375
96002.1640625,83033.78,86001.586,12968.3828125,10000.578125
98768.53125,81955.23,85940.26,16813.3046875,12828.2734375
96593.5703125,83972.47,86337.01,12621.1015625,10256.5625
99920.7109375,84267.91,86458.67,15652.8046875,13462.0390625
99923.3359375,85110.71,87066.89,14812.625,12856.4453125
101236.015625,85500.76,87801.2,15735.2578125,13434.8125
97432.71875,85702.23,88685.46,11730.4921875,8747.2578125
96675.4296875,84763.96,88655.62,11911.46875,8019.8125
101173.03125,82653.56,88035.72,18519.46875,13137.3125
100043.0,85015.7,88148.35,15027.296875,11894.6484375
101459.2578125,85832.58,88403.3,15626.6796875,13055.9609375
101372.96875,86132.586,88954.125,15240.3828125,12418.84375
104298.6953125,85744.516,89505.98,18554.1796875,14792.71875
106029.71874999999,87473.88,90512.93,18555.835937499985,15516.789062499985
106140.6015625,89123.83,91880.98,17016.7734375,14259.625
100041.5390625,88599.984,93122.33,11441.5546875,6919.2109375
97490.953125,86092.69,92741.836,11398.265625,4749.1171875
97755.9296875,83462.51,91166.55,14293.421875,6589.3828125
97224.7265625,83124.52,89392.0,14100.203125,7832.7265625
95104.9375,82891.91,87845.45,12213.03125,7259.484375
94686.2421875,82125.29,86367.06,12560.953125,8319.1796875
98676.09375,81831.98,85177.06,16844.1171875,13499.03125
99299.1953125,83739.6,85184.984,15559.59375,14114.2109375
95795.515625,85452.77,85925.516,10342.7421875,9870.0
94164.859375,83003.625,86163.99,11161.234375,8000.8671875
95163.9296875,81151.47,85744.07,14012.4609375,9419.859375
93530.2265625,81649.414,85274.12,11880.8125,8256.109375
92643.2109375,82134.79,84577.87,10508.421875,8065.34375
93429.203125,81227.23,83760.21,12201.9765625,9668.9921875
94419.7578125,80574.33,83226.43,13845.4296875,11193.328125
96886.875,82144.055,83159.414,14742.8203125,13727.4609375
98107.4296875,83339.56,83832.49,14767.8671875,14274.9375
98236.2265625,84222.88,84987.46,14013.34375,13248.765625
98314.9609375,84356.28,86146.34,13958.6796875,12168.6171875
102078.0859375,84696.945,87025.89,17381.140625,15052.1953125
96922.703125,85961.3,88320.414,10961.40625,8602.2890625
95043.5234375,84462.375,88478.73,10581.1484375,6564.796875
92484.0390625,82293.82,87640.63,10190.21875,4843.40625
94701.453125,80280.39,86029.04,14421.0625,8672.4140625
94566.59375,80905.055,84824.08,13661.5390625,9742.515625
94488.4375,81763.125,84097.05,12725.3125,10391.390625
94516.5234375,81754.7,83769.5,12761.8203125,10747.0234375
96534.046875,81801.76,83716.22,14732.2890625,12817.828125
100504.4921875,82856.55,84199.266,17647.9453125,16305.2265625
99756.90625,85111.39,85640.586,14645.515625,14116.3203125
104462.0390625,85573.12,87111.22,18888.921875,17350.8203125
104408.0703125,87325.625,89178.46,17082.4453125,15229.609375
101089.609375,88608.84,91053.65,12480.765625,10035.9609375
102016.6640625,86904.586,91697.31,15112.078125,10319.3515625
106146.265625,85669.24,91743.42,20477.0234375,14402.84375
103653.0703125,87305.74,92338.91,16347.328125,11314.1640625
103960.171875,88178.8,92586.92,15781.375,11373.25
104819.484375,87360.4,92676.195,17459.0859375,12143.2890625
104714.6484375,87409.0,92824.24,17305.6484375,11890.40625
102682.5,87939.29,92948.73,14743.2109375,9733.7734375
102087.6875,86723.16,92625.36,15364.53125,9462.328125
101332.4765625,85062.484,92025.94,16269.9921875,9306.5390625
103703.2109375,85221.16,91274.95,18482.0546875,12428.2578125
104735.3046875,87058.375,91096.516,17676.9296875,13638.7890625
102405.0234375,87866.555,91462.89,14538.46875,10942.1328125
100655.90625,86578.914,91554.74,14076.9921875,9101.1640625
97688.9765625,85517.36,91123.09,12171.6171875,6565.8828125
101405.421875,83821.664,89927.21,17583.7578125,11478.2109375
97871.8203125,84752.35,89358.64,13119.46875,8513.1796875
96615.4453125,84290.39,88555.88,12325.0546875,8059.5625
96593.296875,83380.336,87569.85,13212.9609375,9023.4453125
96529.0859375,82847.734,86707.69,13681.3515625,9821.3984375
96482.453125,82713.195,86094.96,13769.2578125,10387.4921875
96500.09375,83044.3,85740.94,13455.796875,10759.15625
97437.5546875,82508.36,85600.17,14929.1953125,11837.3828125
95747.4296875,83272.5,85780.6,12474.9296875,9966.828125
97885.859375,83275.46,85747.05,14610.3984375,12138.8125
96623.8671875,83559.375,86027.01,13064.4921875,10596.859375
97508.96875,83245.586,86156.83,14263.3828125,11352.140625
97580.3515625,83327.41,86353.9,14252.9453125,11226.453125
96175.03125,83657.555,86556.14,12517.4765625,9618.890625
95773.3828125,83060.56,86438.914,12712.8203125,9334.46875
95539.546875,82763.03,86104.88,12776.515625,9434.6640625
96635.609375,82388.74,85693.35,14246.8671875,10942.2578125
98333.9375,82623.875,85557.76,15710.0625,12776.1796875
96125.546875,83685.45,85934.85,12440.09375,10190.6953125
96577.7578125,83091.56,86052.79,13486.1953125,10524.96875
96273.921875,83248.24,86089.45,13025.6796875,10184.46875
91418.171875,82867.98,86012.63,8550.1953125,5405.5390625
88736.171875,80632.914,84940.195,8103.2578125,3795.9765625
84347.0234375,77836.086,83076.0,6510.9375,1271.0234375
84704.2265625,75188.31,80385.14,9515.9140625,4319.0859375
84373.0078125,74884.97,77965.69,9488.0390625,6407.3203125
86031.9140625,75076.58,76185.03,10955.3359375,9846.8828125
94248.3515625,75888.625,75457.25,18359.7265625,18791.1015625
86065.671875,80302.555,77026.93,5763.1171875,9038.7421875
87222.1953125,79303.35,77860.8,7918.84375,9361.3984375
90623.5625,76990.71,78272.7,13632.8515625,12350.859375
89961.7265625,78293.19,79040.88,11668.5390625,10920.84375
86742.671875,79392.445,79695.05,7350.2265625,7047.625
86154.59375,78346.92,79487.055,7807.671875,6667.5390625
80601.0390625,75943.25,78769.65,4657.7890625,1831.390625
78532.0,74070.305,76916.766,4461.6953125,1615.234375
82862.2109375,71938.95,74509.0,10923.2578125,8353.2109375
83722.359375,72014.77,73195.734,11707.5859375,10526.625
81066.703125,74075.77,72932.22,6990.9296875,8134.484375
83969.1015625,74551.99,72766.56,9417.109375,11202.5390625
84343.109375,74939.9,73229.55,9403.2109375,11113.5625
82579.6875,75143.93,73991.24,7435.7578125,8588.4453125
84075.6875,74748.3,74349.39,9327.390625,9726.296875
82718.5,74419.56,74711.125,8298.9375,8007.375
86854.2265625,74333.555,74724.305,12520.671875,12129.921875
84167.1953125,76810.45,75396.336,7356.7421875,8770.859375
84043.2421875,76903.18,75718.66,7140.0625,8324.5859375
83832.484375,75090.93,75753.83,8741.5546875,8078.65625
86054.375,74274.14,75590.76,11780.234375,10463.6171875
87498.9140625,75810.21,75818.78,11688.703125,11680.1328125
87471.703125,77636.38,76494.26,9835.3203125,10977.4453125
86900.8828125,77507.91,77233.414,9392.9765625,9667.46875
87177.1015625,77536.34,77705.5,9640.7578125,9471.6015625
84353.1484375,77049.86,77978.59,7303.2890625,6374.5546875
82597.5859375,75572.17,77513.76,7025.4140625,5083.828125
82334.5234375,73556.77,76427.664,8777.75,5906.859375
82548.9140625,73434.75,75265.09,9114.1640625,7283.8203125
85169.171875,73976.06,74365.63,11193.109375,10803.5390625
82485.7109375,75481.39,74325.42,7004.3203125,8160.2890625
83102.828125,74854.875,74213.27,8247.953125,8889.5546875
83843.8046875,74322.85,74202.87,9520.953125,9640.9375
83504.796875,74744.61,74381.68,8760.1875,9123.1171875
78214.484375,74704.48,74546.8,3510.0078125,3667.6875
79235.3359375,72348.05,73599.266,6887.2890625,5636.0703125
76271.953125,71377.17,72513.59,4894.78125,3758.359375
82573.953125,70358.64,71054.38,12215.3125,11519.5703125
79626.140625,72497.96,70955.53,7128.1796875,8670.609375
83404.8359375,72942.67,71039.35,10462.1640625,12365.484375
85287.109375,73723.14,71938.65,11563.96875,13348.4609375
83684.9765625,76364.81,73411.72,7320.1640625,10273.2578125
84542.390625,75938.83,74501.71,8603.5625,10040.6796875
83668.9921875,75697.38,75297.87,7971.609375,8371.125
84033.8671875,74443.57,75582.79,9590.296875,8451.078125
84895.75,75033.375,75620.695,9862.375,9275.0546875
84450.8046875,75753.36,75709.76,8697.4453125,8741.046875
85063.4140625,75479.21,75723.74,9584.203125,9339.671875
85174.3046875,75868.69,75820.516,9305.6171875,9353.7890625
87518.90625,75820.54,75958.84,11698.3671875,11560.0625
93441.890625,76558.61,76557.96,16883.28125,16883.9296875
93699.109375,80256.92,78457.125,13442.1875,15241.984375
93943.796875,82182.28,80631.14,11761.515625,13312.65625
94720.5,82320.84,82461.82,12399.65625,12258.6796875
94646.9296875,81998.28,83826.0,12648.6484375,10820.9296875
93754.84375,82015.18,84611.75,11739.6640625,9143.09375
94978.75,81785.28,84738.58,13193.46875,10240.171875
94284.7890625,81538.84,84768.73,12745.9453125,9516.0625
94207.3125,81660.06,84613.555,12547.25,9593.7578125
